Mo,Nb,Ta,V,W,FCC_L12,BCC_B2
0.05,0.1,0.35,0.15,0.35,0,1.0
0.05,0.15,0.3,0.15,0.35,0,1.0
0.05,0.15,0.35,0.1,0.35,0,1.0
0.05,0.15,0.35,0.15,0.3,0,1.0
0.05,0.2,0.3,0.1,0.35,0,1.0
0.05,0.2,0.3,0.15,0.3,0,1.0
0.05,0.2,0.35,0.05,0.35,0,1.0
0.05,0.2,0.35,0.1,0.3,0,1.0
0.05,0.2,0.35,0.15,0.25,0,1.0
0.05,0.25,0.25,0.1,0.35,0,1.0
0.05,0.25,0.3,0.05,0.35,0,1.0
0.05,0.25,0.3,0.1,0.3,0,1.0
0.05,0.25,0.3,0.15,0.25,0,1.0
0.05,0.25,0.35,0.05,0.3,0,1.0
0.05,0.25,0.35,0.1,0.25,0,1.0
0.05,0.25,0.35,0.15,0.2,0,1.0
0.05,0.3,0.2,0.1,0.35,0,1.0
0.05,0.3,0.25,0.05,0.35,0,1.0
0.05,0.3,0.25,0.1,0.3,0,1.0
0.05,0.3,0.3,0.05,0.3,0,1.0
0.05,0.3,0.3,0.1,0.25,0,1.0
0.05,0.3,0.35,0.05,0.25,0,1.0
0.05,0.3,0.35,0.1,0.2,0,1.0
0.05,0.3,0.35,0.15,0.15,0,1.0
0.05,0.35,0.15,0.1,0.35,0,1.0
0.05,0.35,0.2,0.05,0.35,0,1.0
0.05,0.35,0.2,0.1,0.3,0,1.0
0.05,0.35,0.25,0.05,0.3,0,1.0
0.05,0.35,0.25,0.1,0.25,0,1.0
0.05,0.35,0.3,0.05,0.25,0,1.0
0.05,0.35,0.3,0.1,0.2,0,1.0
0.05,0.35,0.35,0.05,0.2,0,1.0
0.05,0.35,0.35,0.1,0.15,0,1.0
0.1,0.15,0.35,0.05,0.35,0,1.0
0.1,0.2,0.3,0.05,0.35,0,1.0
0.1,0.2,0.35,0.05,0.3,0,1.0
0.1,0.25,0.25,0.05,0.35,0,1.0
0.1,0.25,0.3,0.05,0.3,0,1.0
0.1,0.25,0.35,0.05,0.25,0,1.0
0.1,0.3,0.2,0.05,0.35,0,1.0
0.1,0.3,0.25,0.05,0.3,0,1.0
0.1,0.3,0.3,0.05,0.25,0,1.0
0.1,0.3,0.35,0.05,0.2,0,1.0
0.1,0.35,0.15,0.05,0.35,0,1.0
0.1,0.35,0.2,0.05,0.3,0,1.0
0.1,0.35,0.25,0.05,0.25,0,1.0
0.1,0.35,0.3,0.05,0.2,0,1.0
0.1,0.35,0.35,0.05,0.15,0,1.0
0.15,0.1,0.35,0.05,0.35,0,1.0
0.15,0.15,0.35,0.05,0.3,0,1.0
0.15,0.2,0.35,0.05,0.25,0,1.0
0.15,0.25,0.35,0.05,0.2,0,1.0
0.15,0.3,0.35,0.05,0.15,0,1.0
0.15,0.35,0.35,0.05,0.1,0,1.0
0.05,0.35,0.2,0.15,0.25,0,0.92476504
0.05,0.3,0.2,0.15,0.3,0,0.91647895
0.1,0.25,0.25,0.1,0.3,0,0.90804884
0.1,0.35,0.2,0.1,0.25,0,0.90130398
0.05,0.1,0.35,0.2,0.3,0,0.89782037
0.05,0.3,0.3,0.2,0.15,0,0.89411906
0.1,0.2,0.35,0.15,0.2,0,0.89251515
0.1,0.35,0.3,0.15,0.1,0,0.88810507
0.1,0.3,0.3,0.15,0.15,0,0.87803342
0.15,0.3,0.25,0.1,0.2,0,0.87615893
0.1,0.15,0.35,0.15,0.25,0,0.87400233
0.1,0.3,0.2,0.1,0.3,0,0.87301859
0.05,0.05,0.35,0.2,0.35,0,0.87076549
0.15,0.2,0.3,0.1,0.25,0,0.87058368
0.05,0.35,0.35,0.2,0.05,0,0.86583768
0.2,0.3,0.25,0.1,0.15,0,0.864416
0.1,0.25,0.3,0.15,0.2,0,0.86380821
0.15,0.35,0.2,0.1,0.2,0,0.86370633
0.05,0.35,0.25,0.2,0.15,0,0.86341738
0.2,0.35,0.2,0.1,0.15,0,0.85811307
0.05,0.3,0.25,0.2,0.2,0,0.85664307
0.1,0.35,0.25,0.15,0.15,0,0.85499324
0.15,0.25,0.25,0.1,0.25,0,0.85344703
0.05,0.25,0.35,0.25,0.1,0,0.85294255
0.1,0.35,0.15,0.1,0.3,0,0.84798935
0.25,0.25,0.25,0.1,0.15,0,0.84661381
0.35,0.35,0.1,0.1,0.1,0,0.84618662
0.1,0.1,0.35,0.15,0.3,0,0.84513502
0.2,0.25,0.25,0.1,0.2,0,0.84352873
0.25,0.3,0.2,0.1,0.15,0,0.84348077
0.05,0.25,0.25,0.2,0.25,0,0.84340683
0.05,0.2,0.35,0.25,0.15,0,0.84327481
0.25,0.35,0.15,0.1,0.15,0,0.84143368
0.1,0.2,0.3,0.15,0.25,0,0.84139442
0.15,0.3,0.2,0.1,0.25,0,0.84069695
0.1,0.25,0.35,0.2,0.1,0,0.84056759
0.15,0.2,0.35,0.15,0.15,0,0.84036685
0.15,0.15,0.3,0.1,0.3,0,0.83852329
0.2,0.3,0.2,0.1,0.2,0,0.83765308
0.1,0.3,0.25,0.15,0.2,0,0.83731549
0.2,0.1,0.35,0.1,0.25,0,0.83649016
0.3,0.15,0.3,0.1,0.15,0,0.83517768
0.2,0.35,0.15,0.1,0.2,0,0.83370674
0.3,0.2,0.25,0.1,0.15,0,0.83312562
0.25,0.1,0.35,0.1,0.2,0,0.8327069
0.3,0.25,0.2,0.1,0.15,0,0.83208376
0.3,0.35,0.1,0.1,0.15,0,0.83184475
0.15,0.35,0.15,0.1,0.25,0,0.83181323
0.3,0.3,0.15,0.1,0.15,0,0.83173304
0.15,0.35,0.25,0.15,0.1,0,0.83010126
0.05,0.35,0.15,0.15,0.3,0,0.82978659
0.05,0.15,0.35,0.25,0.2,0,0.82882464
0.05,0.1,0.3,0.2,0.35,0,0.82706805
0.25,0.15,0.3,0.1,0.2,0,0.82650333
0.35,0.35,0.05,0.1,0.15,0,0.82535091
0.2,0.15,0.3,0.1,0.25,0,0.82461057
0.35,0.3,0.1,0.1,0.15,0,0.82404567
0.35,0.25,0.15,0.1,0.15,0,0.82285887
0.25,0.2,0.25,0.1,0.2,0,0.8227156
0.15,0.25,0.3,0.15,0.15,0,0.82241741
0.35,0.2,0.2,0.1,0.15,0,0.82192518
0.35,0.1,0.3,0.1,0.15,0,0.82182249
0.35,0.15,0.25,0.1,0.15,0,0.82146508
0.25,0.25,0.2,0.1,0.2,0,0.82068439
0.25,0.3,0.15,0.1,0.2,0,0.81985345
0.25,0.35,0.1,0.1,0.2,0,0.81981116
0.2,0.2,0.25,0.1,0.25,0,0.81676974
0.05,0.2,0.25,0.2,0.3,0,0.81664836
0.15,0.15,0.35,0.15,0.2,0,0.81614505
0.05,0.25,0.3,0.25,0.15,0,0.81327063
0.2,0.25,0.2,0.1,0.25,0,0.81212025
0.3,0.35,0.05,0.1,0.2,0,0.81176789
0.3,0.05,0.35,0.1,0.2,0,0.81112947
0.3,0.3,0.1,0.1,0.2,0,0.80987874
0.2,0.3,0.15,0.1,0.25,0,0.80973557
0.15,0.25,0.2,0.1,0.3,0,0.80926944
0.3,0.25,0.15,0.1,0.2,0,0.80817095
0.3,0.1,0.3,0.1,0.2,0,0.80762599
0.3,0.2,0.2,0.1,0.2,0,0.80690006
0.3,0.15,0.25,0.1,0.2,0,0.80649847
0.1,0.15,0.3,0.15,0.3,0,0.80546695
0.25,0.05,0.35,0.1,0.25,0,0.80380257
0.35,0.3,0.05,0.1,0.2,0,0.80313849
0.2,0.15,0.35,0.15,0.15,0,0.80131738
0.35,0.25,0.1,0.1,0.2,0,0.79999503
0.15,0.35,0.1,0.1,0.3,0,0.79934212
0.25,0.35,0.05,0.1,0.25,0,0.79867511
0.05,0.2,0.3,0.25,0.2,0,0.79722653
0.35,0.2,0.15,0.1,0.2,0,0.796821
0.25,0.1,0.3,0.1,0.25,0,0.79660043
0.25,0.3,0.1,0.1,0.25,0,0.79627291
0.25,0.25,0.15,0.1,0.25,0,0.79421615
0.35,0.15,0.2,0.1,0.2,0,0.79392455
0.25,0.15,0.25,0.1,0.25,0,0.79339703
0.25,0.2,0.2,0.1,0.25,0,0.7929864
0.35,0.1,0.25,0.1,0.2,0,0.79189519
0.35,0.05,0.3,0.1,0.2,0,0.79169393
0.2,0.1,0.3,0.1,0.3,0,0.79038294
0.2,0.2,0.3,0.15,0.15,0,0.79021055
0.3,0.3,0.05,0.1,0.25,0,0.78866172
0.2,0.35,0.05,0.1,0.3,0,0.78497276
0.15,0.1,0.35,0.15,0.25,0,0.7849391
0.3,0.25,0.1,0.1,0.25,0,0.78442409
0.2,0.15,0.25,0.1,0.3,0,0.78246957
0.2,0.3,0.1,0.1,0.3,0,0.78215356
0.3,0.2,0.15,0.1,0.25,0,0.78018221
0.2,0.25,0.15,0.1,0.3,0,0.78007278
0.35,0.25,0.05,0.1,0.25,0,0.77785369
0.3,0.15,0.2,0.1,0.25,0,0.77653552
0.3,0.05,0.3,0.1,0.25,0,0.77611022
0.3,0.1,0.25,0.1,0.25,0,0.77462313
0.25,0.3,0.05,0.1,0.3,0,0.77361501
0.05,0.15,0.3,0.25,0.25,0,0.7732386
0.1,0.2,0.35,0.25,0.1,0,0.77287681
0.35,0.2,0.1,0.1,0.25,0,0.77183555
0.25,0.25,0.1,0.1,0.3,0,0.76808203
0.1,0.2,0.25,0.15,0.3,0,0.76672339
0.35,0.15,0.15,0.1,0.25,0,0.76565321
0.05,0.15,0.25,0.2,0.35,0,0.76416272
0.25,0.05,0.3,0.1,0.3,0,0.76266113
0.3,0.25,0.05,0.1,0.3,0,0.76151
0.35,0.1,0.2,0.1,0.25,0,0.76024169
0.05,0.25,0.2,0.2,0.3,0,0.75851075
0.25,0.15,0.2,0.1,0.3,0,0.7584911
0.25,0.1,0.25,0.1,0.3,0,0.75765686
0.35,0.05,0.25,0.1,0.25,0,0.7574466
0.1,0.35,0.2,0.2,0.15,0,0.75415052
0.3,0.2,0.1,0.1,0.3,0,0.75356725
0.05,0.35,0.2,0.25,0.15,0,0.75146678
0.15,0.35,0.2,0.2,0.1,0,0.75032487
0.1,0.25,0.3,0.25,0.1,0,0.74849725
0.1,0.15,0.35,0.25,0.15,0,0.74811812
0.35,0.2,0.05,0.1,0.3,0,0.7475734
0.3,0.15,0.15,0.1,0.3,0,0.7455138
0.1,0.25,0.25,0.2,0.2,0,0.74551263
0.15,0.2,0.3,0.2,0.15,0,0.7444965
0.05,0.1,0.35,0.3,0.2,0,0.74271584
0.2,0.35,0.1,0.15,0.2,0,0.74156341
0.3,0.1,0.2,0.1,0.3,0,0.7391402
0.3,0.05,0.25,0.1,0.3,0,0.73769395
0.35,0.15,0.1,0.1,0.3,0,0.73704831
0.2,0.05,0.35,0.15,0.25,0,0.73663926
0.1,0.05,0.35,0.2,0.3,0,0.73573255
0.1,0.25,0.2,0.15,0.3,0,0.73471848
0.05,0.2,0.05,0.35,0.35,0,0.7311513
0.15,0.25,0.25,0.2,0.15,0,0.73012999
0.05,0.3,0.2,0.25,0.2,0,0.72723603
0.15,0.3,0.15,0.15,0.25,0,0.72708145
0.05,0.3,0.25,0.3,0.1,0,0.72683379
0.35,0.1,0.15,0.1,0.3,0,0.72666408
0.15,0.15,0.35,0.25,0.1,0,0.72528129
0.1,0.3,0.2,0.2,0.2,0,0.72268247
0.1,0.2,0.3,0.25,0.15,0,0.72136634
0.35,0.05,0.2,0.1,0.3,0,0.7195862
0.15,0.3,0.2,0.2,0.15,0,0.7193923
0.1,0.1,0.35,0.25,0.2,0,0.71863843
0.05,0.15,0.35,0.35,0.1,0,0.71792513
0.05,0.05,0.35,0.3,0.25,0,0.71388167
0.1,0.3,0.15,0.15,0.3,0,0.71315301
0.2,0.2,0.2,0.15,0.25,0,0.71058831
0.05,0.25,0.25,0.3,0.15,0,0.70454756
0.1,0.35,0.15,0.2,0.2,0,0.70453689
0.1,0.15,0.25,0.15,0.35,0,0.7035542
0.1,0.1,0.3,0.2,0.3,0,0.6948706
0.25,0.2,0.15,0.15,0.25,0,0.69477269
0.15,0.05,0.35,0.2,0.25,0,0.69430775
0.05,0.35,0.15,0.25,0.2,0,0.69204022
0.2,0.05,0.35,0.2,0.2,0,0.68981621
0.05,0.2,0.3,0.35,0.1,0,0.68943259
0.1,0.15,0.3,0.25,0.2,0,0.68884215
0.15,0.25,0.15,0.15,0.3,0,0.68608354
0.15,0.35,0.05,0.15,0.3,0,0.68592183
0.05,0.3,0.15,0.2,0.3,0,0.68354326
0.2,0.05,0.3,0.15,0.3,0,0.68307034
0.05,0.1,0.3,0.3,0.25,0,0.6778015
0.15,0.35,0.15,0.25,0.1,0,0.67763444
0.2,0.3,0.05,0.15,0.3,0,0.67733389
0.05,0.2,0.25,0.3,0.2,0,0.6759067
0.1,0.15,0.35,0.35,0.05,0,0.67300778
0.2,0.25,0.1,0.15,0.3,0,0.67273786
0.15,0.15,0.3,0.25,0.15,0,0.67253486
0.2,0.1,0.25,0.15,0.3,0,0.67199664
0.15,0.35,0.1,0.2,0.2,0,0.67140482
0.15,0.1,0.3,0.2,0.25,0,0.67079236
0.05,0.25,0.05,0.35,0.3,0,0.67024166
0.2,0.2,0.15,0.15,0.3,0,0.66916609
0.2,0.15,0.25,0.2,0.2,0,0.6688865
0.2,0.15,0.2,0.15,0.3,0,0.66814519
0.25,0.25,0.05,0.15,0.3,0,0.66649524
0.25,0.25,0.15,0.25,0.1,0,0.66380171
0.05,0.15,0.3,0.35,0.15,0,0.66284147
0.25,0.3,0.1,0.25,0.1,0,0.66224052
0.1,0.25,0.25,0.3,0.1,0,0.66200287
0.1,0.2,0.25,0.25,0.2,0,0.66175059
0.3,0.2,0.15,0.25,0.1,0,0.66082237
0.2,0.35,0.05,0.2,0.2,0,0.6604592
0.35,0.15,0.15,0.25,0.1,0,0.65889204
0.15,0.2,0.25,0.25,0.15,0,0.65802315
0.2,0.05,0.35,0.25,0.15,0,0.65799616
0.1,0.2,0.3,0.35,0.05,0,0.65764824
0.15,0.05,0.35,0.25,0.2,0,0.6547597
0.25,0.15,0.15,0.15,0.3,0,0.65306138
0.3,0.2,0.05,0.15,0.3,0,0.65275528
0.25,0.05,0.25,0.15,0.3,0,0.65134551
0.25,0.25,0.1,0.2,0.2,0,0.65078637
0.25,0.2,0.15,0.2,0.2,0,0.6496792
0.25,0.15,0.2,0.2,0.2,0,0.64963234
0.25,0.1,0.2,0.15,0.3,0,0.64932089
0.1,0.35,0.05,0.15,0.35,0,0.64832314
0.15,0.25,0.2,0.25,0.15,0,0.64748938
0.05,0.2,0.1,0.35,0.3,0,0.64665074
0.15,0.3,0.05,0.15,0.35,0,0.64618175
0.1,0.3,0.2,0.3,0.1,0,0.64445141
0.3,0.15,0.1,0.15,0.3,0,0.64366759
0.15,0.2,0.2,0.2,0.25,0,0.64201007
0.2,0.05,0.35,0.3,0.1,0,0.64145891
0.15,0.3,0.15,0.25,0.15,0,0.64014232
0.05,0.25,0.2,0.3,0.2,0,0.63953281
0.05,0.05,0.3,0.3,0.3,0,0.63904237
0.1,0.25,0.2,0.25,0.2,0,0.63903726
0.3,0.15,0.15,0.2,0.2,0,0.63865645
0.05,0.15,0.25,0.3,0.25,0,0.63806411
0.2,0.15,0.25,0.25,0.15,0,0.63772154
0.35,0.15,0.05,0.15,0.3,0,0.63594498
0.05,0.35,0.1,0.15,0.35,0,0.63576888
0.3,0.1,0.15,0.15,0.3,0,0.63545287
0.05,0.2,0.2,0.25,0.3,0,0.63543343
0.15,0.3,0.1,0.2,0.25,0,0.63214678
0.05,0.3,0.2,0.35,0.1,0,0.63182
0.3,0.05,0.2,0.15,0.3,0,0.63115637
0.1,0.35,0.15,0.3,0.1,0,0.63107803
0.35,0.15,0.1,0.2,0.2,0,0.63070508
0.35,0.1,0.15,0.2,0.2,0,0.62785994
0.15,0.05,0.3,0.2,0.3,0,0.62707975
0.2,0.35,0.05,0.25,0.15,0,0.6260616
0.15,0.05,0.35,0.3,0.15,0,0.626028
0.1,0.2,0.2,0.2,0.3,0,0.62602619
0.35,0.05,0.2,0.2,0.2,0,0.6259933
0.15,0.1,0.1,0.3,0.35,0,0.62446731
0.05,0.35,0.2,0.35,0.05,0,0.62290179
0.1,0.15,0.3,0.35,0.1,0,0.62262654
0.25,0.2,0.15,0.25,0.15,0,0.62133241
0.2,0.15,0.25,0.3,0.1,0,0.62097695
0.2,0.15,0.25,0.35,0.05,0,0.62064459
0.1,0.15,0.25,0.25,0.25,0,0.61775984
0.35,0.05,0.15,0.15,0.3,0,0.6158439
0.1,0.1,0.3,0.3,0.2,0,0.61329583
0.1,0.05,0.35,0.35,0.15,0,0.6131428
0.25,0.15,0.2,0.3,0.1,0,0.61169174
0.15,0.35,0.1,0.3,0.1,0,0.61159194
0.25,0.2,0.1,0.2,0.25,0,0.61079795
0.35,0.1,0.15,0.25,0.15,0,0.61006016
0.35,0.05,0.2,0.3,0.1,0,0.60956698
0.25,0.2,0.15,0.35,0.05,0,0.60934494
0.25,0.2,0.15,0.3,0.1,0,0.60888149
0.15,0.05,0.35,0.35,0.1,0,0.60885255
0.1,0.35,0.1,0.25,0.2,0,0.60877657
0.35,0.1,0.15,0.35,0.05,0,0.60857899
0.05,0.15,0.15,0.3,0.35,0,0.60810688
0.3,0.15,0.15,0.3,0.1,0,0.60781669
0.25,0.25,0.1,0.3,0.1,0,0.60702699
0.35,0.1,0.15,0.3,0.1,0,0.60674674
0.2,0.35,0.05,0.3,0.1,0,0.60664015
0.05,0.35,0.15,0.35,0.1,0,0.60659688
0.15,0.2,0.2,0.25,0.2,0,0.60651257
0.1,0.25,0.15,0.2,0.3,0,0.6059827
0.15,0.1,0.25,0.2,0.3,0,0.6055492
0.1,0.05,0.3,0.25,0.3,0,0.60528837
0.35,0.15,0.1,0.3,0.1,0,0.60443256
0.2,0.05,0.3,0.25,0.2,0,0.60422002
0.05,0.3,0.15,0.3,0.2,0,0.60356932
0.2,0.35,0.05,0.35,0.05,0,0.60210475
0.05,0.35,0.1,0.25,0.25,0,0.60079395
0.1,0.2,0.25,0.35,0.1,0,0.60031223
0.05,0.3,0.05,0.3,0.3,0,0.59973006
0.2,0.1,0.25,0.25,0.2,0,0.59505132
0.15,0.15,0.2,0.2,0.3,0,0.59319849
0.15,0.35,0.05,0.25,0.2,0,0.59279162
0.1,0.3,0.15,0.3,0.15,0,0.59094814
0.05,0.1,0.25,0.3,0.3,0,0.59050587
0.2,0.15,0.2,0.25,0.2,0,0.5899073
0.25,0.05,0.1,0.3,0.3,0,0.58896334
0.15,0.2,0.15,0.2,0.3,0,0.58813905
0.2,0.2,0.15,0.25,0.2,0,0.58750874
0.2,0.3,0.05,0.25,0.2,0,0.58718968
0.2,0.25,0.1,0.25,0.2,0,0.58683596
0.25,0.1,0.05,0.3,0.3,0,0.58555554
0.1,0.2,0.1,0.35,0.25,0,0.58503495
0.35,0.1,0.1,0.2,0.25,0,0.58420783
0.2,0.05,0.3,0.3,0.15,0,0.58408413
0.2,0.25,0.05,0.2,0.3,0,0.58352961
0.1,0.25,0.2,0.35,0.1,0,0.58237787
0.2,0.05,0.25,0.2,0.3,0,0.58136048
0.15,0.2,0.2,0.3,0.15,0,0.58106783
0.25,0.2,0.1,0.25,0.2,0,0.57874891
0.2,0.2,0.1,0.2,0.3,0,0.57822549
0.25,0.15,0.15,0.25,0.2,0,0.57781712
0.2,0.05,0.3,0.35,0.1,0,0.5774539
0.2,0.1,0.25,0.3,0.15,0,0.57522752
0.2,0.1,0.2,0.2,0.3,0,0.5744988
0.2,0.15,0.15,0.2,0.3,0,0.57446627
0.05,0.25,0.1,0.3,0.3,0,0.57385071
0.2,0.15,0.05,0.3,0.3,0,0.57359262
0.25,0.2,0.05,0.2,0.3,0,0.57253796
0.15,0.1,0.25,0.25,0.25,0,0.5723573
0.1,0.05,0.3,0.3,0.25,0,0.57235255
0.3,0.15,0.1,0.25,0.2,0,0.57032882
0.2,0.15,0.2,0.3,0.15,0,0.56964738
0.05,0.25,0.15,0.25,0.3,0,0.56942448
0.3,0.1,0.15,0.25,0.2,0,0.56888269
0.15,0.2,0.05,0.3,0.3,0,0.56835242
0.2,0.1,0.25,0.35,0.1,0,0.56805869
0.15,0.35,0.05,0.3,0.15,0,0.56643207
0.2,0.2,0.15,0.3,0.15,0,0.56634474
0.15,0.2,0.2,0.35,0.1,0,0.56624946
0.1,0.1,0.25,0.25,0.3,0,0.56615567
0.15,0.05,0.3,0.3,0.2,0,0.56452909
0.2,0.25,0.1,0.3,0.15,0,0.56451883
0.2,0.3,0.05,0.3,0.15,0,0.56361097
0.35,0.15,0.05,0.25,0.2,0,0.56349703
0.1,0.2,0.2,0.3,0.2,0,0.56278544
0.35,0.1,0.1,0.25,0.2,0,0.56167761
0.2,0.15,0.2,0.35,0.1,0,0.56160482
0.25,0.15,0.15,0.3,0.15,0,0.5614891
0.25,0.1,0.2,0.35,0.1,0,0.56065541
0.25,0.2,0.1,0.3,0.15,0,0.56062839
0.15,0.15,0.2,0.25,0.25,0,0.56045362
0.2,0.05,0.15,0.25,0.35,0,0.56044945
0.35,0.05,0.15,0.25,0.2,0,0.56042368
0.1,0.3,0.1,0.25,0.25,0,0.56034446
0.3,0.05,0.2,0.35,0.1,0,0.56025143
0.1,0.15,0.25,0.35,0.15,0,0.56002149
0.1,0.35,0.1,0.35,0.1,0,0.5592361
0.05,0.2,0.2,0.35,0.2,0,0.55880612
0.25,0.05,0.2,0.2,0.3,0,0.5584637
0.2,0.1,0.1,0.25,0.35,0,0.55808569
0.3,0.1,0.15,0.3,0.15,0,0.55774427
0.3,0.15,0.05,0.2,0.3,0,0.55755721
0.2,0.2,0.15,0.35,0.1,0,0.55735091
0.25,0.15,0.15,0.35,0.1,0,0.55714307
0.3,0.1,0.15,0.35,0.1,0,0.55659857
0.1,0.1,0.2,0.35,0.25,0,0.55637849
0.25,0.2,0.1,0.35,0.1,0,0.55475136
0.15,0.3,0.1,0.35,0.1,0,0.55470607
0.2,0.25,0.1,0.35,0.1,0,0.55458085
0.35,0.05,0.15,0.35,0.1,0,0.55447696
0.15,0.2,0.15,0.25,0.25,0,0.55409684
0.3,0.15,0.1,0.35,0.1,0,0.55376692
0.2,0.3,0.05,0.35,0.1,0,0.55275226
0.1,0.2,0.1,0.25,0.35,0,0.55192638
0.3,0.05,0.1,0.35,0.2,0,0.55178708
0.35,0.15,0.05,0.3,0.15,0,0.55151483
0.15,0.25,0.1,0.25,0.25,0,0.55145232
0.15,0.35,0.05,0.35,0.1,0,0.55142862
0.15,0.3,0.05,0.25,0.25,0,0.55105433
0.35,0.1,0.1,0.35,0.1,0,0.55075916
0.15,0.1,0.15,0.25,0.35,0,0.55056895
0.2,0.05,0.25,0.25,0.25,0,0.55005293
0.15,0.15,0.1,0.25,0.35,0,0.54949556
0.35,0.15,0.05,0.35,0.1,0,0.54712922
0.15,0.05,0.3,0.35,0.15,0,0.54632882
0.1,0.05,0.3,0.35,0.2,0,0.54562305
0.1,0.15,0.15,0.25,0.35,0,0.54517942
0.15,0.25,0.05,0.2,0.35,0,0.54401024
0.2,0.1,0.2,0.25,0.25,0,0.54386436
0.2,0.2,0.1,0.25,0.25,0,0.54338212
0.3,0.05,0.15,0.2,0.3,0,0.54318285
0.05,0.35,0.1,0.35,0.15,0,0.54248286
0.15,0.05,0.2,0.25,0.35,0,0.54078824
0.1,0.3,0.05,0.2,0.35,0,0.53862689
0.15,0.2,0.1,0.35,0.2,0,0.53752737
0.05,0.35,0.05,0.35,0.2,0,0.53676506
0.15,0.15,0.2,0.3,0.2,0,0.53626717
0.2,0.05,0.2,0.35,0.2,0,0.53602197
0.05,0.15,0.2,0.3,0.3,0,0.53546182
0.15,0.15,0.15,0.35,0.2,0,0.53408736
0.1,0.25,0.1,0.35,0.2,0,0.53400391
0.05,0.1,0.2,0.3,0.35,0,0.5335698
0.25,0.15,0.1,0.25,0.25,0,0.53346095
0.3,0.05,0.1,0.25,0.3,0,0.53219636
0.25,0.1,0.15,0.25,0.25,0,0.53090994
0.35,0.05,0.1,0.2,0.3,0,0.53030365
0.3,0.1,0.05,0.25,0.3,0,0.52650109
0.1,0.35,0.05,0.3,0.2,0,0.5260377
0.1,0.25,0.15,0.35,0.15,0,0.52468698
0.1,0.1,0.2,0.25,0.35,0,0.52453562
0.05,0.2,0.15,0.3,0.3,0,0.52405341
0.15,0.3,0.05,0.3,0.2,0,0.52386265
0.1,0.2,0.15,0.35,0.2,0,0.52309869
0.1,0.3,0.05,0.3,0.25,0,0.52268311
0.05,0.25,0.15,0.35,0.2,0,0.522368
0.3,0.1,0.1,0.25,0.25,0,0.52193451
0.2,0.15,0.15,0.3,0.2,0,0.52076583
0.2,0.2,0.1,0.3,0.2,0,0.52007019
0.15,0.15,0.2,0.35,0.15,0,0.51995906
0.2,0.05,0.25,0.35,0.15,0,0.51884017
0.1,0.1,0.25,0.35,0.2,0,0.51666401
0.1,0.2,0.15,0.25,0.3,0,0.51610102
0.05,0.35,0.05,0.25,0.3,0,0.5148952
0.1,0.3,0.1,0.35,0.15,0,0.51403067
0.1,0.15,0.2,0.3,0.25,0,0.51300699
0.35,0.1,0.05,0.25,0.25,0,0.51265574
0.2,0.1,0.2,0.35,0.15,0,0.51261926
0.05,0.3,0.1,0.25,0.3,0,0.51254893
0.2,0.15,0.15,0.35,0.15,0,0.5090029
0.1,0.05,0.25,0.3,0.3,0,0.5089865
0.3,0.05,0.1,0.2,0.35,0,0.50828068
0.05,0.05,0.25,0.35,0.3,0,0.50806401
0.3,0.15,0.05,0.3,0.2,0,0.50785321
0.2,0.1,0.15,0.25,0.3,0,0.50741486
0.3,0.05,0.15,0.3,0.2,0,0.50724503
0.3,0.1,0.1,0.3,0.2,0,0.50722033
0.2,0.2,0.1,0.35,0.15,0,0.50702499
0.25,0.1,0.15,0.35,0.15,0,0.50663333
0.1,0.15,0.2,0.35,0.2,0,0.50653719
0.1,0.35,0.05,0.35,0.15,0,0.50636951
0.15,0.3,0.05,0.35,0.15,0,0.50626165
0.1,0.25,0.1,0.25,0.3,0,0.50616944
0.2,0.25,0.05,0.35,0.15,0,0.50602161
0.15,0.25,0.05,0.25,0.3,0,0.50592454
0.25,0.15,0.1,0.35,0.15,0,0.5050344
0.2,0.05,0.2,0.25,0.3,0,0.50480373
0.2,0.15,0.1,0.25,0.3,0,0.50457487
0.35,0.05,0.1,0.35,0.15,0,0.50411898
0.3,0.05,0.15,0.35,0.15,0,0.50384715
0.15,0.2,0.1,0.25,0.3,0,0.50336773
0.3,0.1,0.05,0.2,0.35,0,0.50326959
0.1,0.3,0.05,0.25,0.3,0,0.50253785
0.3,0.1,0.1,0.35,0.15,0,0.5017158
0.15,0.05,0.25,0.3,0.25,0,0.50157986
0.35,0.05,0.1,0.3,0.2,0,0.50073435
0.2,0.2,0.05,0.25,0.3,0,0.50058767
0.3,0.15,0.05,0.35,0.15,0,0.50000069
0.05,0.35,0.05,0.2,0.35,0,0.49965625
0.35,0.1,0.05,0.3,0.2,0,0.49903904
0.15,0.15,0.15,0.25,0.3,0,0.49621205
0.25,0.2,0.05,0.35,0.15,0,0.49586999
0.05,0.3,0.1,0.2,0.35,0,0.49576279
0.1,0.2,0.15,0.3,0.25,0,0.49469021
0.25,0.05,0.15,0.2,0.35,0,0.49382103
0.05,0.3,0.1,0.3,0.25,0,0.49344747
0.35,0.1,0.05,0.35,0.15,0,0.49290129
0.15,0.25,0.1,0.35,0.15,0,0.4910857
0.35,0.05,0.1,0.25,0.25,0,0.49083007
0.25,0.05,0.2,0.35,0.15,0,0.49058353
0.05,0.15,0.2,0.35,0.25,0,0.49027549
0.15,0.1,0.2,0.25,0.3,0,0.49001935
0.05,0.3,0.1,0.35,0.2,0,0.48962532
0.25,0.15,0.05,0.25,0.3,0,0.48922821
0.15,0.1,0.2,0.3,0.25,0,0.48822051
0.25,0.1,0.1,0.2,0.35,0,0.48747717
0.15,0.2,0.15,0.35,0.15,0,0.48685799
0.1,0.05,0.25,0.25,0.35,0,0.48659541
0.25,0.1,0.15,0.3,0.2,0,0.48625541
0.25,0.15,0.1,0.3,0.2,0,0.48603432
0.25,0.2,0.05,0.3,0.2,0,0.48503237
0.25,0.05,0.2,0.3,0.2,0,0.48494107
0.15,0.05,0.25,0.35,0.2,0,0.48479215
0.1,0.25,0.1,0.3,0.25,0,0.48348696
0.25,0.1,0.1,0.25,0.3,0,0.4831719
0.15,0.15,0.15,0.3,0.25,0,0.4815362
0.3,0.05,0.15,0.25,0.25,0,0.48070014
0.25,0.05,0.15,0.25,0.3,0,0.47982972
0.2,0.25,0.05,0.3,0.2,0,0.47953716
0.15,0.25,0.05,0.3,0.25,0,0.4791557
0.15,0.2,0.1,0.3,0.25,0,0.47914775
0.2,0.1,0.15,0.2,0.35,0,0.47798749
0.35,0.05,0.05,0.2,0.35,0,0.47681973
0.2,0.1,0.2,0.3,0.2,0,0.47658664
0.25,0.15,0.05,0.2,0.35,0,0.47633073
0.05,0.35,0.05,0.3,0.25,0,0.47567568
0.2,0.05,0.2,0.3,0.25,0,0.47545183
0.2,0.05,0.2,0.2,0.35,0,0.47545102
0.2,0.2,0.05,0.3,0.25,0,0.47523215
0.15,0.05,0.25,0.25,0.3,0,0.47489329
0.15,0.25,0.1,0.3,0.2,0,0.47425159
0.3,0.15,0.05,0.25,0.25,0,0.47417966
0.2,0.15,0.1,0.3,0.25,0,0.47308485
0.15,0.1,0.2,0.35,0.2,0,0.47271894
0.2,0.1,0.15,0.3,0.25,0,0.4725609
0.2,0.15,0.1,0.2,0.35,0,0.47178071
0.1,0.05,0.25,0.35,0.25,0,0.47134141
0.2,0.05,0.25,0.3,0.2,0,0.47067727
0.15,0.2,0.15,0.3,0.2,0,0.47049877
0.15,0.1,0.25,0.35,0.15,0,0.46934344
0.25,0.05,0.2,0.25,0.25,0,0.46907417
0.25,0.15,0.05,0.3,0.25,0,0.46708251
0.1,0.3,0.1,0.3,0.2,0,0.466007
0.15,0.15,0.15,0.2,0.35,0,0.46551641
0.05,0.2,0.15,0.35,0.25,0,0.46499357
0.25,0.1,0.1,0.3,0.25,0,0.46466371
0.1,0.15,0.2,0.25,0.3,0,0.46443893
0.25,0.05,0.15,0.3,0.25,0,0.46374806
0.05,0.2,0.15,0.25,0.35,0,0.46350191
0.25,0.2,0.05,0.25,0.25,0,0.4629072
0.1,0.25,0.1,0.2,0.35,0,0.4625838
0.15,0.2,0.1,0.2,0.35,0,0.462512
0.2,0.2,0.05,0.2,0.35,0,0.46228172
0.05,0.05,0.25,0.3,0.35,0,0.46133148
0.15,0.25,0.05,0.35,0.2,0,0.46095881
0.35,0.1,0.05,0.2,0.3,0,0.46083515
0.1,0.1,0.25,0.3,0.25,0,0.46063348
0.15,0.1,0.2,0.2,0.35,0,0.46059075
0.2,0.1,0.15,0.35,0.2,0,0.46052457
0.1,0.2,0.2,0.35,0.15,0,0.46028363
0.2,0.2,0.05,0.35,0.2,0,0.45944742
0.2,0.15,0.1,0.35,0.2,0,0.4593807
0.1,0.3,0.05,0.35,0.2,0,0.4589806
0.1,0.1,0.2,0.3,0.3,0,0.4587813
0.05,0.25,0.15,0.2,0.35,0,0.45828005
0.2,0.15,0.15,0.25,0.25,0,0.45770806
0.1,0.2,0.15,0.2,0.35,0,0.45688522
0.15,0.2,0.05,0.25,0.35,0,0.45678309
0.25,0.05,0.15,0.35,0.2,0,0.4559888
0.3,0.1,0.05,0.3,0.25,0,0.45589626
0.25,0.1,0.1,0.35,0.2,0,0.45492702
0.25,0.15,0.05,0.35,0.2,0,0.45477197
0.3,0.05,0.1,0.3,0.25,0,0.45434986
0.2,0.25,0.05,0.25,0.25,0,0.45420509
0.1,0.25,0.15,0.3,0.2,0,0.45419208
0.35,0.05,0.05,0.25,0.3,0,0.45400245
0.05,0.1,0.2,0.35,0.3,0,0.4534066
0.15,0.1,0.25,0.3,0.2,0,0.45249147
0.05,0.25,0.15,0.3,0.25,0,0.4510391
0.3,0.1,0.1,0.2,0.3,0,0.45079357
0.2,0.15,0.05,0.25,0.35,0,0.45010543
0.1,0.25,0.05,0.25,0.35,0,0.44917037
0.3,0.2,0.05,0.35,0.1,0,0.44852672
0.35,0.1,0.1,0.3,0.15,0,0.44738636
0.05,0.15,0.2,0.25,0.35,0,0.44715883
0.25,0.25,0.05,0.35,0.1,0,0.44690042
0.3,0.1,0.05,0.35,0.2,0,0.44686628
0.1,0.35,0.05,0.25,0.25,0,0.44679075
0.05,0.1,0.25,0.35,0.25,0,0.44638147
0.35,0.05,0.15,0.3,0.15,0,0.44604022
0.3,0.2,0.05,0.3,0.15,0,0.4435271
0.15,0.05,0.25,0.2,0.35,0,0.44334283
0.3,0.15,0.1,0.3,0.15,0,0.44311614
0.35,0.05,0.05,0.3,0.25,0,0.44153302
0.15,0.25,0.15,0.35,0.1,0,0.44063251
0.3,0.05,0.2,0.3,0.15,0,0.44062019
0.25,0.1,0.15,0.2,0.3,0,0.44034532
0.25,0.25,0.05,0.3,0.15,0,0.43961184
0.15,0.05,0.2,0.3,0.3,0,0.43899094
0.1,0.15,0.2,0.2,0.35,0,0.4388948
0.1,0.15,0.15,0.3,0.3,0,0.43881463
0.25,0.1,0.2,0.3,0.15,0,0.43663258
0.35,0.05,0.05,0.35,0.2,0,0.43486821
0.25,0.15,0.1,0.2,0.3,0,0.4346665
0.25,0.1,0.05,0.25,0.35,0,0.43442897
0.25,0.05,0.25,0.35,0.1,0,0.4342228
0.25,0.05,0.25,0.3,0.15,0,0.43313582
0.35,0.05,0.1,0.15,0.35,0,0.4322429
0.3,0.05,0.2,0.25,0.2,0,0.43140285
0.05,0.3,0.15,0.35,0.15,0,0.43132802
0.1,0.3,0.15,0.35,0.1,0,0.43099638
0.15,0.3,0.1,0.3,0.15,0,0.43053263
0.15,0.1,0.15,0.3,0.3,0,0.43032502
0.1,0.2,0.1,0.3,0.3,0,0.42926358
0.05,0.35,0.1,0.3,0.2,0,0.42922888
0.15,0.15,0.1,0.3,0.3,0,0.42912053
0.3,0.2,0.05,0.25,0.2,0,0.42768749
0.1,0.25,0.15,0.25,0.25,0,0.42736413
0.25,0.05,0.1,0.25,0.35,0,0.42658784
0.1,0.25,0.05,0.3,0.3,0,0.42621166
0.15,0.25,0.15,0.3,0.15,0,0.42593813
0.1,0.15,0.15,0.35,0.25,0,0.42532086
0.05,0.25,0.1,0.35,0.25,0,0.4250346
0.15,0.05,0.2,0.35,0.25,0,0.42454163
0.15,0.15,0.25,0.35,0.1,0,0.42361854
0.2,0.1,0.1,0.3,0.3,0,0.42232875
0.25,0.1,0.2,0.25,0.2,0,0.42184337
0.2,0.05,0.15,0.3,0.3,0,0.42168381
0.35,0.05,0.15,0.2,0.25,0,0.4204981
0.1,0.35,0.1,0.3,0.15,0,0.42030015
0.25,0.25,0.05,0.25,0.2,0,0.41965808
0.25,0.05,0.25,0.25,0.2,0,0.41925652
0.3,0.05,0.15,0.15,0.35,0,0.41727309
0.15,0.1,0.15,0.35,0.25,0,0.41667364
0.05,0.25,0.1,0.25,0.35,0,0.4164596
0.35,0.1,0.05,0.15,0.35,0,0.41592686
0.1,0.1,0.3,0.35,0.15,0,0.4149313
0.1,0.15,0.25,0.3,0.2,0,0.41444997
0.15,0.2,0.05,0.35,0.25,0,0.41419894
0.15,0.15,0.1,0.35,0.25,0,0.41407701
0.15,0.25,0.1,0.2,0.3,0,0.41228743
0.3,0.05,0.05,0.25,0.35,0,0.41172153
0.2,0.15,0.05,0.35,0.25,0,0.41104835
0.2,0.05,0.15,0.35,0.25,0,0.41066856
0.15,0.3,0.05,0.2,0.3,0,0.41018334
0.35,0.15,0.05,0.2,0.25,0,0.40996412
0.2,0.1,0.1,0.35,0.25,0,0.4098251
0.1,0.25,0.05,0.35,0.25,0,0.409738
0.15,0.1,0.3,0.35,0.1,0,0.40942131
0.1,0.35,0.05,0.2,0.3,0,0.40913811
0.15,0.05,0.3,0.25,0.25,0,0.40869362
0.15,0.15,0.25,0.3,0.15,0,0.40844986
0.3,0.05,0.2,0.2,0.25,0,0.40844814
0.1,0.2,0.2,0.25,0.25,0,0.40834939
0.3,0.1,0.1,0.15,0.35,0,0.40696736
0.1,0.05,0.2,0.3,0.35,0,0.40642921
0.3,0.1,0.15,0.2,0.25,0,0.40619643
0.05,0.2,0.2,0.3,0.25,0,0.40540863
0.05,0.05,0.3,0.35,0.25,0,0.40507382
0.15,0.3,0.1,0.25,0.2,0,0.40482198
0.1,0.3,0.1,0.2,0.3,0,0.40477114
0.05,0.3,0.05,0.25,0.35,0,0.40444582
0.05,0.15,0.25,0.35,0.2,0,0.40427087
0.1,0.1,0.25,0.2,0.35,0,0.40383737
0.25,0.1,0.05,0.35,0.25,0,0.40261758
0.25,0.05,0.1,0.35,0.25,0,0.40235785
0.3,0.15,0.1,0.2,0.25,0,0.40178984
0.05,0.25,0.2,0.35,0.15,0,0.40115532
0.35,0.2,0.05,0.35,0.05,0,0.40107051
0.15,0.25,0.15,0.25,0.2,0,0.40056103
0.25,0.05,0.2,0.15,0.35,0,0.39903497
0.05,0.05,0.2,0.35,0.35,0,0.39839825
0.05,0.15,0.15,0.35,0.3,0,0.39787744
0.35,0.2,0.05,0.3,0.1,0,0.39756231
0.3,0.05,0.05,0.3,0.3,0,0.39720829
0.15,0.35,0.1,0.35,0.05,0,0.39719887
0.3,0.25,0.05,0.35,0.05,0,0.39708803
0.05,0.3,0.05,0.35,0.25,0,0.39699087
0.3,0.2,0.05,0.2,0.25,0,0.3966598
0.25,0.1,0.15,0.15,0.35,0,0.39660226
0.35,0.15,0.1,0.35,0.05,0,0.39645536
0.25,0.3,0.05,0.35,0.05,0,0.39635406
0.2,0.3,0.1,0.35,0.05,0,0.39538976
0.3,0.25,0.05,0.3,0.1,0,0.39538693
0.25,0.3,0.05,0.3,0.1,0,0.39418776
0.3,0.2,0.1,0.3,0.1,0,0.39403675
0.3,0.2,0.1,0.35,0.05,0,0.39403476
0.25,0.25,0.1,0.35,0.05,0,0.39396345
0.25,0.1,0.2,0.2,0.25,0,0.39389889
0.1,0.05,0.2,0.35,0.3,0,0.39379804
0.1,0.25,0.2,0.3,0.15,0,0.39379104
0.15,0.1,0.3,0.3,0.15,0,0.39354722
0.3,0.15,0.05,0.15,0.35,0,0.39261163
0.25,0.15,0.15,0.2,0.25,0,0.39246874
0.15,0.3,0.15,0.35,0.05,0,0.39225619
0.2,0.25,0.15,0.35,0.05,0,0.39184059
0.25,0.05,0.25,0.2,0.25,0,0.39173055
0.2,0.3,0.1,0.3,0.1,0,0.39158145
0.3,0.15,0.15,0.35,0.05,0,0.39019933
0.35,0.15,0.1,0.25,0.15,0,0.38993761
0.35,0.2,0.05,0.25,0.15,0,0.38963395
0.3,0.1,0.2,0.3,0.1,0,0.38959518
0.35,0.05,0.2,0.25,0.15,0,0.38938712
0.2,0.25,0.15,0.3,0.1,0,0.38893628
0.3,0.05,0.05,0.35,0.25,0,0.38893552
0.1,0.35,0.15,0.35,0.05,0,0.38703874
0.2,0.2,0.2,0.35,0.05,0,0.38671245
0.25,0.15,0.1,0.15,0.35,0,0.38660387
0.25,0.15,0.2,0.35,0.05,0,0.3860249
0.3,0.05,0.25,0.3,0.1,0,0.38597198
0.35,0.05,0.2,0.35,0.05,0,0.38576283
0.3,0.1,0.2,0.35,0.05,0,0.38528786
0.15,0.25,0.2,0.35,0.05,0,0.38523326
0.25,0.25,0.05,0.2,0.25,0,0.38520572
0.2,0.2,0.2,0.3,0.1,0,0.38495987
0.3,0.15,0.15,0.25,0.15,0,0.3847851
0.3,0.2,0.1,0.25,0.15,0,0.38474798
0.3,0.25,0.05,0.25,0.15,0,0.38430926
0.3,0.1,0.2,0.25,0.15,0,0.38414916
0.25,0.1,0.25,0.3,0.1,0,0.38411616
0.15,0.3,0.15,0.3,0.1,0,0.38351444
0.15,0.15,0.25,0.25,0.2,0,0.38246069
0.3,0.05,0.25,0.25,0.15,0,0.38242127
0.05,0.35,0.1,0.2,0.3,0,0.38225283
0.1,0.1,0.15,0.3,0.35,0,0.3815811
0.2,0.1,0.2,0.15,0.35,0,0.38099385
0.15,0.15,0.05,0.3,0.35,0,0.3805439
0.25,0.1,0.25,0.35,0.05,0,0.37961182
0.2,0.2,0.15,0.2,0.25,0,0.3792137
0.25,0.25,0.1,0.25,0.15,0,0.37915525
0.25,0.3,0.05,0.25,0.15,0,0.37906981
0.3,0.05,0.25,0.35,0.05,0,0.37901018
0.2,0.15,0.15,0.15,0.35,0,0.37864744
0.1,0.3,0.15,0.25,0.2,0,0.37851287
0.15,0.05,0.15,0.3,0.35,0,0.37830193
0.2,0.25,0.1,0.2,0.25,0,0.37816858
0.2,0.15,0.2,0.2,0.25,0,0.37813178
0.25,0.05,0.3,0.3,0.1,0,0.3780314
0.25,0.15,0.2,0.25,0.15,0,0.37726642
0.15,0.25,0.2,0.3,0.1,0,0.37654994
0.2,0.3,0.05,0.2,0.25,0,0.37599952
0.15,0.2,0.25,0.35,0.05,0,0.37525154
0.1,0.3,0.2,0.35,0.05,0,0.37523605
0.35,0.1,0.1,0.15,0.3,0,0.37509355
0.25,0.2,0.05,0.15,0.35,0,0.37462331
0.25,0.1,0.25,0.25,0.15,0,0.37444778
0.1,0.2,0.25,0.3,0.15,0,0.3737883
0.1,0.2,0.05,0.3,0.35,0,0.37347274
0.2,0.1,0.25,0.2,0.25,0,0.37344723
0.2,0.05,0.25,0.15,0.35,0,0.37322621
0.2,0.3,0.1,0.25,0.15,0,0.37291653
0.1,0.15,0.1,0.3,0.35,0,0.37279448
0.2,0.1,0.05,0.3,0.35,0,0.37224873
0.1,0.1,0.15,0.35,0.3,0,0.37175358
0.25,0.05,0.3,0.35,0.05,0,0.37103823
0.2,0.25,0.15,0.25,0.15,0,0.37098626
0.2,0.2,0.1,0.15,0.35,0,0.37092707
0.2,0.1,0.3,0.3,0.1,0,0.37040815
0.25,0.05,0.3,0.25,0.15,0,0.36950954
0.2,0.1,0.3,0.35,0.05,0,0.36921134
0.05,0.2,0.25,0.35,0.15,0,0.3689928
0.05,0.1,0.3,0.35,0.2,0,0.36891473
0.15,0.35,0.05,0.2,0.25,0,0.36889909
0.2,0.2,0.2,0.25,0.15,0,0.36766431
0.2,0.05,0.1,0.3,0.35,0,0.3673212
0.15,0.2,0.25,0.3,0.1,0,0.36661551
0.15,0.1,0.3,0.25,0.2,0,0.36647661
0.15,0.05,0.15,0.35,0.3,0,0.36638793
0.35,0.2,0.05,0.2,0.2,0,0.36608678
0.05,0.1,0.25,0.25,0.35,0,0.36577568
0.15,0.15,0.05,0.35,0.3,0,0.36507137
0.15,0.35,0.1,0.25,0.15,0,0.36489888
0.15,0.25,0.15,0.2,0.25,0,0.36460671
0.2,0.05,0.3,0.2,0.25,0,0.36346607
0.15,0.1,0.1,0.35,0.3,0,0.3632262
0.15,0.2,0.15,0.15,0.35,0,0.36291836
0.3,0.1,0.2,0.2,0.2,0,0.36272478
0.3,0.05,0.25,0.2,0.2,0,0.36236225
0.1,0.15,0.1,0.35,0.3,0,0.36187758
0.15,0.15,0.3,0.35,0.05,0,0.36167016
0.2,0.25,0.05,0.15,0.35,0,0.36166818
0.15,0.15,0.2,0.15,0.35,0,0.36070463
0.15,0.25,0.1,0.15,0.35,0,0.35956774
0.1,0.25,0.25,0.35,0.05,0,0.35939108
0.1,0.2,0.05,0.35,0.3,0,0.35926814
0.3,0.2,0.1,0.2,0.2,0,0.35907369
0.2,0.1,0.05,0.35,0.3,0,0.35897926
0.2,0.05,0.1,0.35,0.3,0,0.35726766
0.3,0.25,0.05,0.2,0.2,0,0.35642605
0.05,0.35,0.15,0.3,0.15,0,0.35618184
0.2,0.05,0.35,0.35,0.05,0,0.35615281
0.1,0.05,0.35,0.3,0.2,0,0.35584145
0.05,0.3,0.15,0.25,0.25,0,0.35490983
0.1,0.05,0.3,0.2,0.35,0,0.35473653
0.25,0.05,0.05,0.3,0.35,0,0.35403744
0.2,0.1,0.3,0.25,0.15,0,0.35399738
0.15,0.15,0.3,0.3,0.1,0,0.35291161
0.1,0.35,0.1,0.2,0.25,0,0.35287093
0.1,0.3,0.1,0.15,0.35,0,0.35215086
0.1,0.1,0.35,0.35,0.1,0,0.35213308
0.1,0.1,0.3,0.25,0.25,0,0.35055554
0.1,0.15,0.3,0.3,0.15,0,0.34940066
0.15,0.1,0.25,0.15,0.35,0,0.3487483
0.25,0.1,0.25,0.2,0.2,0,0.34859259
0.05,0.3,0.15,0.15,0.35,0,0.34825172
0.25,0.3,0.05,0.2,0.2,0,0.34753519
0.15,0.15,0.25,0.2,0.25,0,0.34658529
0.1,0.25,0.15,0.15,0.35,0,0.34643144
0.35,0.25,0.05,0.3,0.05,0,0.34618382
0.25,0.35,0.05,0.3,0.05,0,0.34568295
0.05,0.2,0.1,0.3,0.35,0,0.34551785
0.3,0.3,0.05,0.3,0.05,0,0.34520571
0.25,0.05,0.05,0.35,0.3,0,0.34461076
0.2,0.35,0.1,0.3,0.05,0,0.34460729
0.15,0.1,0.35,0.35,0.05,0,0.3446006
0.25,0.05,0.3,0.2,0.2,0,0.34393723
0.25,0.3,0.1,0.3,0.05,0,0.34363805
0.1,0.15,0.25,0.2,0.3,0,0.34339432
0.35,0.25,0.05,0.25,0.1,0,0.34332394
0.35,0.2,0.1,0.3,0.05,0,0.34313918
0.3,0.25,0.1,0.3,0.05,0,0.34294408
0.35,0.2,0.1,0.25,0.1,0,0.34238226
0.2,0.3,0.15,0.3,0.05,0,0.34127047
0.3,0.3,0.05,0.25,0.1,0,0.34111624
0.25,0.25,0.15,0.3,0.05,0,0.34081285
0.25,0.2,0.1,0.15,0.3,0,0.34054587
0.3,0.25,0.1,0.25,0.1,0,0.34036662
0.05,0.2,0.2,0.2,0.35,0,0.340226
0.3,0.2,0.15,0.3,0.05,0,0.33998598
0.05,0.25,0.25,0.35,0.1,0,0.33985953
0.35,0.05,0.2,0.15,0.25,0,0.33967378
0.2,0.3,0.1,0.2,0.2,0,0.33957026
0.35,0.15,0.15,0.3,0.05,0,0.33954365
0.15,0.35,0.15,0.3,0.05,0,0.3395029
0.35,0.1,0.2,0.25,0.1,0,0.33935354
0.1,0.3,0.15,0.2,0.25,0,0.33932174
0.25,0.35,0.05,0.25,0.1,0,0.33873866
0.2,0.25,0.15,0.2,0.2,0,0.3385962
0.1,0.35,0.15,0.25,0.15,0,0.33778218
0.3,0.15,0.2,0.25,0.1,0,0.3373566
0.35,0.05,0.25,0.25,0.1,0,0.33692586
0.25,0.2,0.2,0.3,0.05,0,0.33686968
0.2,0.25,0.2,0.3,0.05,0,0.33656318
0.3,0.15,0.2,0.3,0.05,0,0.3360729
0.2,0.2,0.2,0.2,0.2,0,0.33604491
0.05,0.05,0.35,0.35,0.2,0,0.33567542
0.15,0.1,0.35,0.3,0.1,0,0.33524136
0.35,0.1,0.15,0.15,0.25,0,0.33523844
0.35,0.1,0.2,0.3,0.05,0,0.33520943
0.3,0.1,0.25,0.25,0.1,0,0.33464356
0.2,0.35,0.1,0.25,0.1,0,0.33395996
0.25,0.2,0.2,0.25,0.1,0,0.33378269
0.15,0.3,0.2,0.3,0.05,0,0.33266348
0.25,0.15,0.25,0.3,0.05,0,0.3313935
0.2,0.3,0.15,0.25,0.1,0,0.33126588
0.3,0.1,0.25,0.3,0.05,0,0.33091399
0.3,0.05,0.3,0.25,0.1,0,0.33070542
0.05,0.1,0.15,0.35,0.35,0,0.33030751
0.25,0.15,0.25,0.25,0.1,0,0.33013895
0.05,0.25,0.05,0.3,0.35,0,0.33009493
0.35,0.05,0.25,0.3,0.05,0,0.32995516
0.2,0.2,0.25,0.3,0.05,0,0.3299122
0.1,0.2,0.2,0.15,0.35,0,0.32976115
0.35,0.15,0.1,0.15,0.25,0,0.32889996
0.35,0.1,0.2,0.2,0.15,0,0.3288242
0.35,0.05,0.25,0.2,0.15,0,0.32855244
0.35,0.15,0.15,0.2,0.15,0,0.32828724
0.2,0.25,0.2,0.25,0.1,0,0.32731795
0.35,0.2,0.1,0.2,0.15,0,0.32729004
0.05,0.3,0.2,0.3,0.15,0,0.32690832
0.35,0.25,0.05,0.2,0.15,0,0.32605255
0.25,0.1,0.3,0.25,0.1,0,0.32479445
0.15,0.05,0.3,0.15,0.35,0,0.32431826
0.3,0.05,0.3,0.3,0.05,0,0.32424664
0.3,0.05,0.25,0.15,0.25,0,0.32402134
0.25,0.1,0.3,0.3,0.05,0,0.32397075
0.15,0.3,0.15,0.2,0.2,0,0.32368746
0.3,0.1,0.2,0.15,0.25,0,0.32340513
0.15,0.25,0.25,0.3,0.05,0,0.32314304
0.2,0.1,0.3,0.2,0.2,0,0.32281231
0.35,0.05,0.15,0.1,0.35,0,0.32246223
0.1,0.3,0.2,0.25,0.15,0,0.32231058
0.35,0.2,0.05,0.15,0.25,0,0.32218401
0.1,0.1,0.35,0.3,0.15,0,0.322102
0.2,0.2,0.25,0.25,0.1,0,0.32156175
0.3,0.2,0.15,0.2,0.15,0,0.32081971
0.3,0.15,0.2,0.2,0.15,0,0.32075908
0.2,0.15,0.3,0.3,0.05,0,0.32073589
0.1,0.05,0.15,0.35,0.35,0,0.32072835
0.3,0.25,0.1,0.2,0.15,0,0.32029827
0.3,0.1,0.25,0.2,0.15,0,0.31975782
0.3,0.15,0.15,0.15,0.25,0,0.31972813
0.3,0.3,0.05,0.2,0.15,0,0.3194298
0.1,0.25,0.2,0.2,0.25,0,0.31918623
0.1,0.35,0.2,0.3,0.05,0,0.31861763
0.3,0.05,0.3,0.2,0.15,0,0.31728847
0.25,0.05,0.35,0.25,0.1,0,0.31723157
0.1,0.2,0.3,0.3,0.1,0,0.31624944
0.15,0.25,0.2,0.2,0.2,0,0.31607614
0.1,0.05,0.35,0.25,0.25,0,0.31586085
0.15,0.3,0.2,0.25,0.1,0,0.31521639
0.15,0.3,0.1,0.15,0.3,0,0.31513483
0.3,0.2,0.1,0.15,0.25,0,0.31475989
0.25,0.05,0.35,0.3,0.05,0,0.31434794
0.2,0.15,0.3,0.25,0.1,0,0.31333916
0.25,0.3,0.1,0.2,0.15,0,0.31287636
0.25,0.35,0.05,0.2,0.15,0,0.3127716
0.15,0.1,0.05,0.35,0.35,0,0.31245659
0.25,0.25,0.15,0.2,0.15,0,0.31242812
0.25,0.2,0.2,0.2,0.15,0,0.31113021
0.15,0.05,0.1,0.35,0.35,0,0.31038261
0.15,0.2,0.3,0.3,0.05,0,0.31025236
0.3,0.25,0.05,0.15,0.25,0,0.3095164
0.15,0.2,0.2,0.15,0.3,0,0.30883825
0.15,0.1,0.35,0.25,0.15,0,0.30871346
0.2,0.1,0.35,0.3,0.05,0,0.30870032
0.05,0.25,0.2,0.25,0.25,0,0.30868713
0.25,0.15,0.25,0.2,0.15,0,0.30855651
0.1,0.1,0.1,0.35,0.35,0,0.30811022
0.35,0.1,0.1,0.1,0.35,0,0.30807279
0.05,0.15,0.25,0.25,0.3,0,0.30794302
0.1,0.15,0.05,0.35,0.35,0,0.30780412
0.25,0.15,0.2,0.15,0.25,0,0.30709906
0.05,0.1,0.35,0.35,0.15,0,0.30694096
0.25,0.1,0.25,0.15,0.25,0,0.30645254
0.15,0.25,0.25,0.25,0.1,0,0.30530953
0.3,0.05,0.2,0.1,0.35,0,0.30507012
0.15,0.2,0.25,0.2,0.2,0,0.3048613
0.2,0.35,0.1,0.2,0.15,0,0.30467899
0.25,0.1,0.3,0.2,0.15,0,0.30412795
0.05,0.05,0.3,0.25,0.35,0,0.30374006
0.1,0.3,0.25,0.3,0.05,0,0.30327999
0.1,0.25,0.25,0.25,0.15,0,0.30251402
0.2,0.3,0.15,0.2,0.15,0,0.30245952
0.25,0.25,0.1,0.15,0.25,0,0.30210719
0.2,0.1,0.35,0.25,0.1,0,0.30205375
0.25,0.05,0.3,0.15,0.25,0,0.30163464
0.2,0.05,0.05,0.35,0.35,0,0.30073914
0.05,0.35,0.2,0.3,0.1,0,0.30062721
0.1,0.35,0.1,0.15,0.3,0,0.29903267
0.2,0.25,0.2,0.2,0.15,0,0.29889308
0.25,0.3,0.05,0.15,0.25,0,0.29850929
0.3,0.1,0.15,0.1,0.35,0,0.29848367
0.35,0.05,0.25,0.15,0.2,0,0.29822413
0.15,0.15,0.25,0.15,0.3,0,0.29779389
0.25,0.05,0.35,0.2,0.15,0,0.29713293
0.35,0.1,0.2,0.15,0.2,0,0.29676825
0.3,0.35,0.05,0.25,0.05,0,0.29411285
0.35,0.3,0.05,0.25,0.05,0,0.29403303
0.35,0.15,0.15,0.15,0.2,0,0.29383461
0.15,0.15,0.35,0.3,0.05,0,0.29383116
0.2,0.2,0.25,0.2,0.15,0,0.29341059
0.25,0.35,0.1,0.25,0.05,0,0.29266067
0.1,0.2,0.25,0.2,0.25,0,0.29260865
0.3,0.3,0.1,0.25,0.05,0,0.29234898
0.35,0.25,0.1,0.25,0.05,0,0.29193613
0.15,0.2,0.3,0.25,0.1,0,0.29191003
0.1,0.15,0.35,0.3,0.1,0,0.29142029
0.2,0.25,0.15,0.15,0.25,0,0.29073058
0.35,0.15,0.05,0.1,0.35,0,0.29061517
0.2,0.3,0.1,0.15,0.25,0,0.29029853
0.35,0.2,0.1,0.15,0.2,0,0.29029018
0.25,0.3,0.15,0.25,0.05,0,0.29016656
0.3,0.25,0.15,0.25,0.05,0,0.28999545
0.1,0.35,0.2,0.25,0.1,0,0.28990419
0.05,0.15,0.3,0.3,0.2,0,0.28940546
0.35,0.2,0.15,0.25,0.05,0,0.28932468
0.15,0.15,0.3,0.2,0.2,0,0.28929149
0.2,0.35,0.15,0.25,0.05,0,0.28894652
0.2,0.35,0.05,0.15,0.25,0,0.28885825
0.15,0.35,0.15,0.2,0.15,0,0.28837087
0.3,0.2,0.2,0.25,0.05,0,0.28683696
0.25,0.25,0.2,0.25,0.05,0,0.28671572
0.35,0.25,0.05,0.15,0.2,0,0.28661956
0.35,0.3,0.05,0.2,0.1,0,0.28657888
0.35,0.25,0.1,0.2,0.1,0,0.28635002
0.35,0.15,0.2,0.25,0.05,0,0.28603524
0.35,0.2,0.15,0.2,0.1,0,0.28583221
0.3,0.15,0.1,0.1,0.35,0,0.28545904
0.05,0.15,0.1,0.35,0.35,0,0.28534842
0.2,0.15,0.3,0.2,0.15,0,0.28532423
0.2,0.15,0.25,0.15,0.25,0,0.28525536
0.35,0.15,0.2,0.2,0.1,0,0.28490158
0.2,0.3,0.2,0.25,0.05,0,0.28448227
0.25,0.1,0.2,0.1,0.35,0,0.28408806
0.3,0.1,0.25,0.15,0.2,0,0.28403797
0.1,0.25,0.3,0.3,0.05,0,0.28394819
0.3,0.15,0.2,0.15,0.2,0,0.28358871
0.35,0.1,0.25,0.2,0.1,0,0.28338963
0.3,0.35,0.05,0.2,0.1,0,0.28301098
0.3,0.3,0.1,0.2,0.1,0,0.28261632
0.3,0.15,0.25,0.25,0.05,0,0.28261325
0.25,0.05,0.25,0.1,0.35,0,0.28227846
0.3,0.05,0.3,0.15,0.2,0,0.28223573
0.25,0.2,0.25,0.25,0.05,0,0.28194719
0.35,0.1,0.25,0.25,0.05,0,0.28188854
0.3,0.2,0.15,0.15,0.2,0,0.28185706
0.3,0.25,0.15,0.2,0.1,0,0.28182859
0.35,0.05,0.3,0.2,0.1,0,0.28106949
0.3,0.2,0.2,0.2,0.1,0,0.28047992
0.3,0.25,0.1,0.15,0.2,0,0.27949247
0.15,0.1,0.3,0.15,0.3,0,0.27894328
0.3,0.15,0.25,0.2,0.1,0,0.27834044
0.2,0.25,0.25,0.25,0.05,0,0.27827557
0.25,0.35,0.1,0.2,0.1,0,0.27792228
0.15,0.35,0.2,0.25,0.05,0,0.2774868
0.25,0.15,0.15,0.1,0.35,0,0.27723121
0.15,0.35,0.1,0.15,0.25,0,0.27715057
0.3,0.1,0.3,0.25,0.05,0,0.27705096
0.2,0.1,0.3,0.15,0.25,0,0.27694213
0.3,0.3,0.05,0.15,0.2,0,0.27687994
0.35,0.05,0.3,0.25,0.05,0,0.27671513
0.25,0.3,0.15,0.2,0.1,0,0.27643704
0.25,0.15,0.3,0.25,0.05,0,0.27545771
0.3,0.1,0.3,0.2,0.1,0,0.27510681
0.05,0.25,0.2,0.15,0.35,0,0.27416798
0.25,0.25,0.2,0.2,0.1,0,0.27414702
0.2,0.1,0.35,0.2,0.15,0,0.27395578
0.1,0.3,0.25,0.25,0.1,0,0.27270079
0.3,0.2,0.05,0.1,0.35,0,0.27173188
0.25,0.2,0.25,0.2,0.1,0,0.27071942
0.3,0.05,0.35,0.2,0.1,0,0.27040237
0.3,0.05,0.35,0.25,0.05,0,0.26993107
0.25,0.25,0.15,0.15,0.2,0,0.26992144
0.25,0.2,0.2,0.15,0.2,0,0.2698124
0.2,0.2,0.3,0.25,0.05,0,0.26976165
0.15,0.1,0.35,0.2,0.2,0,0.26917402
0.25,0.3,0.1,0.15,0.2,0,0.26913349
0.2,0.35,0.15,0.2,0.1,0,0.26891679
0.25,0.15,0.25,0.15,0.2,0,0.26823117
0.15,0.3,0.25,0.25,0.05,0,0.26822684
0.25,0.35,0.05,0.15,0.2,0,0.26782822
0.25,0.1,0.35,0.25,0.05,0,0.2669043
0.25,0.2,0.1,0.1,0.35,0,0.26687462
0.25,0.15,0.3,0.2,0.1,0,0.26572687
0.15,0.25,0.2,0.15,0.25,0,0.26551289
0.05,0.2,0.25,0.25,0.25,0,0.26548856
0.2,0.3,0.2,0.2,0.1,0,0.26483358
0.25,0.1,0.3,0.15,0.2,0,0.26438421
0.05,0.2,0.3,0.3,0.15,0,0.26394311
0.2,0.15,0.2,0.1,0.35,0,0.26146095
0.1,0.15,0.3,0.2,0.25,0,0.26137985
0.05,0.1,0.3,0.25,0.3,0,0.26094726
0.1,0.2,0.35,0.3,0.05,0,0.26040901
0.35,0.1,0.25,0.15,0.15,0,0.25932106
0.2,0.1,0.25,0.1,0.35,0,0.25921532
0.2,0.25,0.25,0.2,0.1,0,0.25904247
0.35,0.15,0.2,0.15,0.15,0,0.25888202
0.25,0.1,0.35,0.2,0.1,0,0.2586789
0.35,0.05,0.3,0.15,0.15,0,0.25865262
0.2,0.15,0.35,0.25,0.05,0,0.2584933
0.35,0.2,0.15,0.15,0.15,0,0.25779909
0.2,0.2,0.15,0.1,0.35,0,0.25734387
0.25,0.05,0.35,0.15,0.2,0,0.25734367
0.2,0.3,0.15,0.15,0.2,0,0.25686494
0.25,0.25,0.05,0.1,0.35,0,0.25639437
0.35,0.25,0.1,0.15,0.15,0,0.25637041
0.15,0.25,0.3,0.25,0.05,0,0.2558108
0.35,0.3,0.05,0.15,0.15,0,0.2547797
0.15,0.2,0.25,0.15,0.25,0,0.25383765
0.2,0.25,0.2,0.15,0.2,0,0.2538103
0.15,0.05,0.35,0.15,0.3,0,0.25227405
0.2,0.2,0.3,0.2,0.1,0,0.25095624
0.2,0.25,0.1,0.1,0.35,0,0.25054354
0.3,0.2,0.2,0.15,0.15,0,0.24886821
0.3,0.25,0.15,0.15,0.15,0,0.2488313
0.2,0.2,0.25,0.15,0.2,0,0.24863743
0.3,0.3,0.1,0.15,0.15,0,0.24828451
0.3,0.15,0.25,0.15,0.15,0,0.24809897
0.3,0.35,0.05,0.15,0.15,0,0.24742592
0.2,0.05,0.3,0.1,0.35,0,0.24735489
0.1,0.1,0.3,0.15,0.35,0,0.24689512
0.3,0.1,0.3,0.15,0.15,0,0.24609716
0.05,0.35,0.15,0.2,0.25,0,0.24498088
0.1,0.35,0.25,0.25,0.05,0,0.2446097
0.05,0.25,0.3,0.3,0.1,0,0.24427118
0.2,0.3,0.05,0.1,0.35,0,0.24330952
0.35,0.35,0.05,0.2,0.05,0,0.24252474
0.3,0.05,0.35,0.15,0.15,0,0.24229196
0.35,0.3,0.1,0.2,0.05,0,0.24105678
0.3,0.35,0.1,0.2,0.05,0,0.24083092
0.2,0.15,0.3,0.15,0.2,0,0.24058827
0.2,0.15,0.35,0.2,0.1,0,0.24000856
0.15,0.2,0.35,0.25,0.05,0,0.23992181
0.25,0.35,0.1,0.15,0.15,0,0.23989553
0.15,0.3,0.25,0.2,0.1,0,0.23971492
0.25,0.3,0.15,0.15,0.15,0,0.23918696
0.35,0.25,0.15,0.2,0.05,0,0.23915637
0.15,0.35,0.15,0.15,0.2,0,0.23907561
0.3,0.3,0.15,0.2,0.05,0,0.23891496
0.1,0.35,0.15,0.15,0.25,0,0.23881452
0.25,0.25,0.2,0.15,0.15,0,0.23766806
0.25,0.35,0.15,0.2,0.05,0,0.2374425
0.25,0.2,0.15,0.1,0.3,0,0.23734163
0.15,0.15,0.35,0.2,0.15,0,0.23726398
0.15,0.15,0.3,0.15,0.25,0,0.23703517
0.05,0.25,0.25,0.25,0.2,0,0.23702377
0.35,0.2,0.2,0.2,0.05,0,0.23668947
0.3,0.25,0.2,0.2,0.05,0,0.23632095
0.25,0.2,0.25,0.15,0.15,0,0.23498173
0.15,0.25,0.15,0.1,0.35,0,0.23464883
0.25,0.3,0.2,0.2,0.05,0,0.23430535
0.05,0.15,0.35,0.3,0.15,0,0.23392252
0.35,0.15,0.25,0.2,0.05,0,0.23349755
0.15,0.3,0.1,0.1,0.35,0,0.23324402
0.3,0.2,0.25,0.2,0.05,0,0.23282423
0.15,0.2,0.2,0.1,0.35,0,0.23232061
0.15,0.3,0.2,0.15,0.2,0,0.23073033
0.25,0.15,0.3,0.15,0.15,0,0.23065782
0.15,0.35,0.05,0.1,0.35,0,0.23010945
0.25,0.25,0.25,0.2,0.05,0,0.22999846
0.2,0.35,0.2,0.2,0.05,0,0.22945449
0.35,0.1,0.3,0.2,0.05,0,0.22940995
0.2,0.1,0.35,0.15,0.2,0,0.22893252
0.3,0.15,0.3,0.2,0.05,0,0.22816528
0.1,0.1,0.35,0.2,0.25,0,0.22795998
0.1,0.2,0.3,0.2,0.2,0,0.22774917
0.2,0.35,0.15,0.15,0.15,0,0.22774384
0.15,0.25,0.3,0.2,0.1,0,0.22650466
0.1,0.3,0.25,0.2,0.15,0,0.22623714
0.1,0.3,0.3,0.25,0.05,0,0.22588885
0.05,0.3,0.25,0.35,0.05,0,0.22578342
0.35,0.05,0.35,0.2,0.05,0,0.22426952
0.35,0.3,0.1,0.15,0.1,0,0.22415567
0.25,0.2,0.3,0.2,0.05,0,0.22414163
0.25,0.1,0.35,0.15,0.15,0,0.22413098
0.35,0.25,0.15,0.15,0.1,0,0.22405665
0.35,0.35,0.05,0.15,0.1,0,0.22400948
0.2,0.3,0.2,0.15,0.15,0,0.22375903
0.35,0.2,0.2,0.15,0.1,0,0.22360403
0.2,0.3,0.25,0.2,0.05,0,0.22346653
0.15,0.15,0.25,0.1,0.35,0,0.22314425
0.35,0.15,0.25,0.15,0.1,0,0.22264732
0.3,0.1,0.35,0.2,0.05,0,0.22208727
0.05,0.05,0.35,0.25,0.3,0,0.22128107
0.35,0.1,0.3,0.15,0.1,0,0.22097997
0.2,0.2,0.2,0.1,0.3,0,0.22033347
0.15,0.25,0.25,0.15,0.2,0,0.21902873
0.3,0.35,0.1,0.15,0.1,0,0.21876147
0.35,0.05,0.35,0.15,0.1,0,0.21832505
0.3,0.3,0.15,0.15,0.1,0,0.21808234
0.2,0.25,0.25,0.15,0.15,0,0.21796391
0.05,0.3,0.25,0.25,0.15,0,0.21787523
0.1,0.3,0.2,0.15,0.25,0,0.21726957
0.3,0.25,0.2,0.15,0.1,0,0.21688085
0.25,0.15,0.35,0.2,0.05,0,0.21635083
0.05,0.2,0.35,0.3,0.1,0,0.21572645
0.2,0.25,0.3,0.2,0.05,0,0.21533283
0.3,0.2,0.25,0.15,0.1,0,0.2149515
0.3,0.15,0.3,0.15,0.1,0,0.21202273
0.25,0.35,0.15,0.15,0.1,0,0.2109126
0.15,0.35,0.25,0.2,0.05,0,0.21018956
0.15,0.2,0.35,0.2,0.1,0,0.20970334
0.25,0.3,0.2,0.15,0.1,0,0.20852158
0.3,0.1,0.35,0.15,0.1,0,0.20775363
0.25,0.25,0.25,0.15,0.1,0,0.20504853
0.2,0.2,0.35,0.2,0.05,0,0.20456309
0.1,0.35,0.1,0.1,0.35,0,0.2042463
0.1,0.35,0.25,0.2,0.1,0,0.20398942
0.15,0.1,0.3,0.1,0.35,0,0.20396859
0.05,0.35,0.25,0.25,0.1,0,0.203951
0.1,0.25,0.35,0.25,0.05,0,0.20381227
0.15,0.2,0.3,0.15,0.2,0,0.20342779
0.15,0.35,0.2,0.15,0.15,0,0.20300213
0.1,0.25,0.3,0.2,0.15,0,0.20279112
0.25,0.2,0.3,0.15,0.1,0,0.2001137
0.05,0.3,0.2,0.2,0.25,0,0.19909536
0.1,0.15,0.35,0.2,0.2,0,0.19860038
0.15,0.3,0.3,0.2,0.05,0,0.19810483
0.15,0.3,0.15,0.1,0.3,0,0.19736427
0.2,0.35,0.2,0.15,0.1,0,0.19727942
0.2,0.05,0.35,0.1,0.3,0,0.19524467
0.1,0.05,0.35,0.15,0.35,0,0.19407744
0.1,0.3,0.15,0.1,0.35,0,0.1940476
0.25,0.15,0.35,0.15,0.1,0,0.19327605
0.05,0.1,0.35,0.25,0.25,0,0.19250711
0.15,0.3,0.25,0.15,0.15,0,0.19196779
0.2,0.3,0.25,0.15,0.1,0,0.19131881
0.2,0.35,0.1,0.1,0.25,0,0.19114085
0.1,0.25,0.25,0.15,0.25,0,0.18983263
0.35,0.35,0.1,0.15,0.05,0,0.18814272
0.35,0.3,0.15,0.15,0.05,0,0.18676266
0.1,0.35,0.2,0.15,0.2,0,0.18564066
0.35,0.25,0.2,0.15,0.05,0,0.18491354
0.05,0.35,0.25,0.3,0.05,0,0.18465124
0.3,0.35,0.15,0.15,0.05,0,0.18464979
0.1,0.3,0.3,0.2,0.1,0,0.18332319
0.2,0.25,0.3,0.15,0.1,0,0.18320326
0.15,0.25,0.35,0.2,0.05,0,0.18266402
0.35,0.2,0.25,0.15,0.05,0,0.18245829
0.3,0.3,0.2,0.15,0.05,0,0.18241532
0.3,0.25,0.25,0.15,0.05,0,0.17938396
0.15,0.2,0.25,0.1,0.3,0,0.17923676
0.35,0.15,0.3,0.15,0.05,0,0.1792356
0.05,0.35,0.2,0.2,0.2,0,0.1782816
0.25,0.35,0.2,0.15,0.05,0,0.1779993
0.35,0.05,0.2,0.05,0.35,0,0.17788096
0.35,0.05,0.35,0.1,0.15,0,0.17651032
0.1,0.2,0.35,0.2,0.15,0,0.17648856
0.05,0.25,0.3,0.35,0.05,0,0.17620961
0.05,0.3,0.3,0.25,0.1,0,0.17557389
0.3,0.2,0.3,0.15,0.05,0,0.17531207
0.35,0.1,0.35,0.15,0.05,0,0.17507093
0.15,0.05,0.35,0.1,0.35,0,0.17427382
0.1,0.25,0.2,0.1,0.35,0,0.1740376
0.25,0.3,0.25,0.15,0.05,0,0.17390731
0.2,0.2,0.35,0.15,0.1,0,0.17241824
0.3,0.15,0.35,0.15,0.05,0,0.16992766
0.25,0.25,0.3,0.15,0.05,0,0.1683748
0.35,0.1,0.15,0.05,0.35,0,0.16833531
0.1,0.35,0.3,0.2,0.05,0,0.16536408
0.2,0.35,0.25,0.15,0.05,0,0.16471286
0.3,0.1,0.35,0.1,0.15,0,0.16134231
0.25,0.2,0.35,0.15,0.05,0,0.16101048
0.3,0.05,0.25,0.05,0.35,0,0.15939324
0.15,0.3,0.3,0.15,0.1,0,0.15680561
0.2,0.3,0.3,0.15,0.05,0,0.15675885
0.3,0.1,0.2,0.05,0.35,0,0.15667377
0.35,0.15,0.1,0.05,0.35,0,0.15448666
0.35,0.3,0.15,0.1,0.1,0,0.1536949
0.35,0.25,0.2,0.1,0.1,0,0.15325875
0.35,0.2,0.25,0.1,0.1,0,0.15237569
0.35,0.15,0.3,0.1,0.1,0,0.15086952
0.25,0.2,0.3,0.1,0.15,0,0.14879307
0.35,0.05,0.25,0.05,0.3,0,0.14872315
0.35,0.1,0.35,0.1,0.1,0,0.14850625
0.2,0.2,0.3,0.1,0.2,0,0.14810147
0.3,0.15,0.15,0.05,0.35,0,0.14779578
0.3,0.35,0.15,0.1,0.1,0,0.14706559
0.2,0.25,0.35,0.15,0.05,0,0.14629286
0.3,0.3,0.2,0.1,0.1,0,0.14568683
0.35,0.1,0.2,0.05,0.3,0,0.14488337
0.1,0.3,0.35,0.2,0.05,0,0.14384588
0.3,0.25,0.25,0.1,0.1,0,0.14362132
0.25,0.15,0.35,0.1,0.15,0,0.1423045
0.35,0.2,0.05,0.05,0.35,0,0.14130037
0.3,0.2,0.3,0.1,0.1,0,0.14063405
0.15,0.25,0.35,0.15,0.1,0,0.14032016
0.1,0.2,0.25,0.1,0.35,0,0.13924633
0.05,0.15,0.3,0.2,0.3,0,0.13821067
0.35,0.15,0.15,0.05,0.3,0,0.13760625
0.3,0.2,0.1,0.05,0.35,0,0.13752105
0.15,0.1,0.35,0.1,0.3,0,0.13733749
0.15,0.35,0.3,0.15,0.05,0,0.13709907
0.2,0.15,0.35,0.1,0.2,0,0.13672121
0.25,0.35,0.2,0.1,0.1,0,0.13664851
0.05,0.2,0.35,0.35,0.05,0,0.13649375
0.3,0.15,0.35,0.1,0.1,0,0.13643387
0.25,0.1,0.25,0.05,0.35,0,0.13631299
0.25,0.15,0.2,0.05,0.35,0,0.13364978
0.25,0.3,0.25,0.1,0.1,0,0.13292303
0.25,0.05,0.3,0.05,0.35,0,0.13243296
0.05,0.3,0.3,0.3,0.05,0,0.13168728
0.3,0.1,0.25,0.05,0.3,0,0.13058672
0.35,0.2,0.1,0.05,0.3,0,0.12978068
0.3,0.05,0.3,0.05,0.3,0,0.12975289
0.35,0.35,0.15,0.1,0.05,0,0.12866697
0.3,0.25,0.05,0.05,0.35,0,0.12822594
0.25,0.25,0.3,0.1,0.1,0,0.12781918
0.25,0.2,0.15,0.05,0.35,0,0.12765218
0.3,0.15,0.2,0.05,0.3,0,0.12740935
0.35,0.3,0.2,0.1,0.05,0,0.12714632
0.2,0.25,0.3,0.1,0.15,0,0.12707849
0.35,0.25,0.25,0.1,0.05,0,0.12509086
0.35,0.05,0.3,0.05,0.25,0,0.12339084
0.3,0.35,0.2,0.1,0.05,0,0.12268931
0.35,0.25,0.05,0.05,0.3,0,0.12267748
0.35,0.1,0.25,0.05,0.25,0,0.12265576
0.3,0.2,0.15,0.05,0.3,0,0.12249636
0.35,0.2,0.3,0.1,0.05,0,0.12234808
0.15,0.3,0.35,0.15,0.05,0,0.12205006
0.25,0.25,0.1,0.05,0.35,0,0.12107133
0.25,0.2,0.35,0.1,0.1,0,0.12095174
0.3,0.3,0.25,0.1,0.05,0,0.11982612
0.35,0.15,0.2,0.05,0.25,0,0.11958888
0.05,0.2,0.3,0.2,0.25,0,0.11877836
0.35,0.15,0.35,0.1,0.05,0,0.11873832
0.2,0.35,0.25,0.1,0.1,0,0.11837245
0.3,0.25,0.1,0.05,0.3,0,0.11739196
0.3,0.25,0.3,0.1,0.05,0,0.11599357
0.2,0.2,0.35,0.1,0.15,0,0.11592585
0.35,0.2,0.15,0.05,0.25,0,0.11564951
0.25,0.3,0.05,0.05,0.35,0,0.11516402
0.3,0.3,0.05,0.05,0.3,0,0.11276009
0.25,0.35,0.25,0.1,0.05,0,0.1124859
0.35,0.25,0.1,0.05,0.25,0,0.1116905
0.3,0.2,0.35,0.1,0.05,0,0.11092306
0.2,0.3,0.3,0.1,0.1,0,0.11010894
0.05,0.25,0.3,0.2,0.2,0,0.10953911
0.25,0.15,0.25,0.05,0.3,0,0.1090258
0.25,0.2,0.2,0.05,0.3,0,0.10855713
0.15,0.15,0.35,0.1,0.25,0,0.10810183
0.35,0.3,0.05,0.05,0.25,0,0.10806861
0.15,0.35,0.25,0.1,0.15,0,0.10799754
0.15,0.25,0.3,0.1,0.2,0,0.10787129
0.3,0.15,0.25,0.05,0.25,0,0.10706802
0.25,0.3,0.3,0.1,0.05,0,0.10704028
0.25,0.1,0.3,0.05,0.3,0,0.10674572
0.25,0.25,0.15,0.05,0.3,0,0.10674409
0.3,0.1,0.3,0.05,0.25,0,0.10663032
0.3,0.2,0.2,0.05,0.25,0,0.10596102
0.05,0.35,0.3,0.2,0.1,0,0.10468823
0.25,0.3,0.1,0.05,0.3,0,0.10450248
0.2,0.2,0.2,0.05,0.35,0,0.10427317
0.3,0.25,0.15,0.05,0.25,0,0.10415424
0.3,0.05,0.35,0.05,0.25,0,0.10361971
0.2,0.25,0.15,0.05,0.35,0,0.10323662
0.2,0.15,0.25,0.05,0.35,0,0.10268327
0.25,0.35,0.05,0.05,0.3,0,0.10227168
0.35,0.1,0.3,0.05,0.2,0,0.10216094
0.3,0.3,0.1,0.05,0.25,0,0.10215091
0.35,0.15,0.25,0.05,0.2,0,0.10183368
0.2,0.3,0.1,0.05,0.35,0,0.10125517
0.35,0.05,0.35,0.05,0.2,0,0.10095482
0.35,0.2,0.2,0.05,0.2,0,0.10066144
0.25,0.05,0.35,0.05,0.3,0,0.10039242
0.3,0.35,0.05,0.05,0.25,0,0.10019177
0.25,0.25,0.35,0.1,0.05,0,0.099853271
0.2,0.25,0.35,0.1,0.1,0,0.099347435
0.2,0.35,0.05,0.05,0.35,0,0.099154641
0.35,0.25,0.15,0.05,0.2,0,0.099126023
0.35,0.3,0.1,0.05,0.2,0,0.097500176
0.2,0.1,0.3,0.05,0.35,0,0.09624968
0.1,0.25,0.35,0.15,0.15,0,0.096075795
0.35,0.35,0.05,0.05,0.2,0,0.095916243
0.2,0.35,0.3,0.1,0.05,0,0.093806566
0.15,0.3,0.3,0.1,0.15,0,0.093482902
0.25,0.35,0.1,0.05,0.25,0,0.091650324
0.25,0.3,0.15,0.05,0.25,0,0.091449014
0.25,0.25,0.2,0.05,0.25,0,0.090626007
0.3,0.3,0.15,0.05,0.2,0,0.090104459
0.3,0.25,0.2,0.05,0.2,0,0.089963735
0.3,0.35,0.1,0.05,0.2,0,0.089898495
0.3,0.2,0.25,0.05,0.2,0,0.089251567
0.05,0.25,0.35,0.3,0.05,0,0.089197388
0.25,0.2,0.25,0.05,0.25,0,0.088784041
0.1,0.3,0.35,0.15,0.1,0,0.088512091
0.15,0.2,0.35,0.1,0.2,0,0.088424901
0.1,0.15,0.3,0.1,0.35,0,0.088190403
0.2,0.35,0.1,0.05,0.3,0,0.088143957
0.3,0.15,0.3,0.05,0.2,0,0.08762857
0.05,0.35,0.3,0.25,0.05,0,0.086642905
0.2,0.3,0.15,0.05,0.3,0,0.086599201
0.35,0.25,0.2,0.05,0.15,0,0.085888305
0.05,0.15,0.35,0.2,0.25,0,0.085870068
0.35,0.3,0.15,0.05,0.15,0,0.085866874
0.35,0.35,0.1,0.05,0.15,0,0.085629616
0.35,0.2,0.25,0.05,0.15,0,0.08556666
0.25,0.15,0.3,0.05,0.25,0,0.085348299
0.35,0.15,0.3,0.05,0.15,0,0.084708908
0.3,0.1,0.35,0.05,0.2,0,0.084642133
0.2,0.25,0.2,0.05,0.3,0,0.083814867
0.2,0.05,0.35,0.05,0.35,0,0.083655363
0.2,0.3,0.35,0.1,0.05,0,0.083524212
0.35,0.1,0.35,0.05,0.15,0,0.083040931
0.15,0.35,0.3,0.1,0.1,0,0.082905809
0.1,0.35,0.35,0.15,0.05,0,0.081594157
0.25,0.35,0.15,0.05,0.2,0,0.079647567
0.25,0.1,0.35,0.05,0.25,0,0.079647013
0.2,0.2,0.25,0.05,0.3,0,0.079078419
0.3,0.35,0.15,0.05,0.15,0,0.078680512
0.05,0.2,0.35,0.2,0.2,0,0.078170077
0.3,0.3,0.2,0.05,0.15,0,0.077423939
0.25,0.3,0.2,0.05,0.2,0,0.077393032
0.05,0.3,0.35,0.2,0.1,0,0.076315755
0.05,0.25,0.35,0.2,0.15,0,0.075879493
0.15,0.25,0.35,0.1,0.15,0,0.075664505
0.3,0.25,0.25,0.05,0.15,0,0.075554522
0.2,0.35,0.15,0.05,0.25,0,0.074533294
0.35,0.35,0.15,0.05,0.1,0,0.074283353
0.25,0.25,0.25,0.05,0.2,0,0.074118564
0.35,0.3,0.2,0.05,0.1,0,0.073376121
0.3,0.2,0.3,0.05,0.15,0,0.072860777
0.35,0.25,0.25,0.05,0.1,0,0.072057536
0.2,0.15,0.3,0.05,0.3,0,0.071462788
0.1,0.3,0.25,0.1,0.25,0,0.07040363
0.35,0.2,0.3,0.05,0.1,0,0.07019429
0.2,0.3,0.2,0.05,0.25,0,0.069840399
0.25,0.2,0.3,0.05,0.2,0,0.069488698
0.3,0.15,0.35,0.05,0.15,0,0.069079875
0.15,0.35,0.1,0.05,0.35,0,0.068019515
0.35,0.15,0.35,0.05,0.1,0,0.06761654
0.25,0.35,0.2,0.05,0.15,0,0.067118509
0.3,0.35,0.2,0.05,0.1,0,0.066761627
0.15,0.3,0.35,0.1,0.1,0,0.066671811
0.3,0.3,0.25,0.05,0.1,0,0.064234974
0.2,0.25,0.25,0.05,0.25,0,0.063274277
0.25,0.3,0.25,0.05,0.15,0,0.063169745
0.25,0.15,0.35,0.05,0.2,0,0.063127083
0.1,0.35,0.25,0.1,0.2,0,0.062156903
0.15,0.3,0.15,0.05,0.35,0,0.061610058
0.3,0.25,0.3,0.05,0.1,0,0.060850508
0.35,0.35,0.2,0.05,0.05,0,0.060708557
0.2,0.1,0.35,0.05,0.3,0,0.060176195
0.2,0.35,0.2,0.05,0.2,0,0.059987998
0.35,0.3,0.25,0.05,0.05,0,0.058645152
0.15,0.35,0.35,0.1,0.05,0,0.05819697
0.25,0.25,0.3,0.05,0.15,0,0.057900397
0.3,0.2,0.35,0.05,0.1,0,0.056372384
0.35,0.25,0.3,0.05,0.05,0,0.055943557
0.2,0.2,0.3,0.05,0.25,0,0.054342872
0.25,0.35,0.25,0.05,0.1,0,0.0542847
0.3,0.35,0.25,0.05,0.05,0,0.052987304
0.2,0.3,0.25,0.05,0.2,0,0.052825531
0.35,0.2,0.35,0.05,0.05,0,0.052435535
0.15,0.35,0.15,0.05,0.3,0,0.052260057
0.1,0.2,0.3,0.1,0.3,0,0.052218672
0.15,0.25,0.2,0.05,0.35,0,0.052129997
0.25,0.2,0.35,0.05,0.15,0,0.050992643
0.3,0.3,0.3,0.05,0.05,0,0.049104104
0.25,0.3,0.3,0.05,0.1,0,0.04881026
0.2,0.35,0.25,0.05,0.15,0,0.045674374
0.3,0.25,0.35,0.05,0.05,0,0.044050084
0.2,0.25,0.3,0.05,0.2,0,0.04348385
0.05,0.35,0.25,0.15,0.2,0,0.043315683
0.2,0.15,0.35,0.05,0.25,0,0.042668085
0.25,0.25,0.35,0.05,0.1,0,0.041694139
0.05,0.3,0.35,0.25,0.05,0,0.041209982
0.15,0.3,0.2,0.05,0.3,0,0.040591645
0.25,0.35,0.3,0.05,0.05,0,0.039909434
0.1,0.25,0.3,0.1,0.25,0,0.039312196
0.15,0.2,0.25,0.05,0.35,0,0.038293284
0.2,0.3,0.3,0.05,0.15,0,0.036595389
0.1,0.1,0.35,0.1,0.35,0,0.036523023
0.1,0.35,0.3,0.1,0.15,0,0.036222668
0.05,0.2,0.25,0.15,0.35,0,0.036039833
0.1,0.3,0.3,0.1,0.2,0,0.035963247
0.05,0.3,0.25,0.15,0.25,0,0.034362196
0.15,0.35,0.2,0.05,0.25,0,0.034292732
0.25,0.3,0.35,0.05,0.05,0,0.032733382
0.2,0.2,0.35,0.05,0.2,0,0.031660553
0.2,0.35,0.3,0.05,0.1,0,0.031651882
0.05,0.25,0.25,0.15,0.3,0,0.027995124
0.2,0.25,0.35,0.05,0.15,0,0.02511104
0.15,0.25,0.25,0.05,0.3,0,0.024898578
0.05,0.35,0.3,0.15,0.15,0,0.021683052
0.2,0.3,0.35,0.05,0.1,0,0.020792886
0.15,0.3,0.25,0.05,0.25,0,0.019206806
0.15,0.15,0.3,0.05,0.35,0,0.019050163
0.15,0.35,0.25,0.05,0.2,0,0.017549502
0.2,0.35,0.35,0.05,0.05,0,0.016384575
0.1,0.15,0.35,0.1,0.3,0,0.014711357
0.1,0.35,0.35,0.1,0.1,0,0.014519805
0.1,0.3,0.35,0.1,0.15,0,0.010731684
0.05,0.3,0.3,0.15,0.2,0,0.010026004
0.1,0.25,0.35,0.1,0.2,0,0.0076638918
0.1,0.2,0.35,0.1,0.25,0,0.007603474
0.15,0.2,0.3,0.05,0.3,0,0.0049357657
0.05,0.35,0.35,0.15,0.1,0,0.0036807881
0.15,0.35,0.3,0.05,0.15,0,0.0028556464
0.15,0.3,0.3,0.05,0.2,0,0.00093445868
0.15,0.25,0.3,0.05,0.25,0,0.00063607624
